{"cameraMode":{"drawMode":0,"name":"Shaded","section":"Shading Mode"},"sceneLighting":true,"audioPlay":false,"sceneViewState":{"m_AlwaysRefresh":false,"showFog":true,"showSkybox":true,"showFlares":true,"showImageEffects":true,"showParticleSystems":true,"showVisualEffectGraphs":true,"m_FxEnabled":true},"in2DMode":false,"pivot":{"x":-22.182098388671876,"y":59.701690673828128,"z":38.26959228515625},"rotation":{"x":-0.19989946484565736,"y":0.02262944169342518,"z":-0.004617838189005852,"w":-0.9795443415641785},"size":69.50243377685547,"orthographic":false}